command,mean,stddev,median,user,system,min,max
perl,0.16195532604,0.007830859786403396,0.15828911524,0.14851894999999996,0.01193683,0.15573314874,0.18243903074
python,0.21181903799000001,0.0057524734748222945,0.21276836924,0.19048169999999998,0.017378916,0.20091916674000002,0.22610643074
nim,0.034462660061428584,0.002309869606869634,0.03377657274000001,0.02922785714285714,0.004490718095238094,0.03175308474000001,0.042922398740000006
nim-buf,0.03328049625648352,0.0034108788759315014,0.032121129740000004,0.029291120879120874,0.0037890241758241766,0.030379821740000004,0.04804857374
rust,0.08551043374,0.014032498380869222,0.08173873674,0.04604589473684211,0.03645801684210527,0.07382220374,0.15317157674
